id,title,severity,active,verified,is_mitigated,cwe,test,sla_days_remaining,sla_expiration_date,date
1,CVE-2022-27943 GCC-12-Base 12.2.0-14+deb12u1,Low,True,True,False,674,3,120,2026-08-04,2026-04-06
2,CVE-2025-4802 Libc6 2.36-9+deb12u10,High,True,True,False,426,3,30,2026-05-06,2026-04-06
3,CVE-2026-0861 Libc6 2.36-9+deb12u10,High,True,True,False,190,3,30,2026-05-06,2026-04-06
4,CVE-2025-15281 Libc6 2.36-9+deb12u10,Medium,True,True,False,908,3,90,2026-07-05,2026-04-06
5,CVE-2025-8058 Libc6 2.36-9+deb12u10,Medium,True,True,False,415,3,90,2026-07-05,2026-04-06
6,CVE-2026-0915 Libc6 2.36-9+deb12u10,Medium,True,True,False,908,3,90,2026-07-05,2026-04-06
7,CVE-2010-4756 Libc6 2.36-9+deb12u10,Low,True,True,False,399,3,120,2026-08-04,2026-04-06
8,CVE-2018-20796 Libc6 2.36-9+deb12u10,Low,True,True,False,674,3,120,2026-08-04,2026-04-06
9,CVE-2019-1010022 Libc6 2.36-9+deb12u10,Low,True,True,False,119,3,120,2026-08-04,2026-04-06
10,CVE-2019-1010023 Libc6 2.36-9+deb12u10,Low,True,True,False,0,3,120,2026-08-04,2026-04-06
11,CVE-2019-1010024 Libc6 2.36-9+deb12u10,Low,True,True,False,200,3,120,2026-08-04,2026-04-06
12,CVE-2019-1010025 Libc6 2.36-9+deb12u10,Low,True,True,False,330,3,120,2026-08-04,2026-04-06
13,CVE-2019-9192 Libc6 2.36-9+deb12u10,Low,True,True,False,674,3,120,2026-08-04,2026-04-06
14,CVE-2022-27943 Libgcc-S1 12.2.0-14+deb12u1,Low,True,True,False,674,3,120,2026-08-04,2026-04-06
15,CVE-2022-27943 Libgomp1 12.2.0-14+deb12u1,Low,True,True,False,674,3,120,2026-08-04,2026-04-06
16,CVE-2025-15467 Libssl3 3.0.17-1~deb12u2,Critical,True,True,False,787,3,7,2026-04-13,2026-04-06
17,CVE-2025-69419 Libssl3 3.0.17-1~deb12u2,High,True,True,False,787,3,30,2026-05-06,2026-04-06
18,CVE-2025-69421 Libssl3 3.0.17-1~deb12u2,High,True,True,False,476,3,30,2026-05-06,2026-04-06
19,CVE-2025-68160 Libssl3 3.0.17-1~deb12u2,Medium,True,True,False,787,3,90,2026-07-05,2026-04-06
20,CVE-2025-69418 Libssl3 3.0.17-1~deb12u2,Medium,True,True,False,325,3,90,2026-07-05,2026-04-06
21,CVE-2025-69420 Libssl3 3.0.17-1~deb12u2,Medium,True,True,False,754,3,90,2026-07-05,2026-04-06
22,CVE-2025-9230 Libssl3 3.0.17-1~deb12u2,Medium,True,True,False,125,3,90,2026-07-05,2026-04-06
23,CVE-2026-22795 Libssl3 3.0.17-1~deb12u2,Medium,True,True,False,754,3,90,2026-07-05,2026-04-06
24,CVE-2026-22796 Libssl3 3.0.17-1~deb12u2,Medium,True,True,False,754,3,90,2026-07-05,2026-04-06
25,CVE-2025-27587 Libssl3 3.0.17-1~deb12u2,Low,True,True,False,385,3,120,2026-08-04,2026-04-06
26,CVE-2025-9232 Libssl3 3.0.17-1~deb12u2,Low,True,True,False,125,3,120,2026-08-04,2026-04-06
27,CVE-2022-27943 Libstdc++6 12.2.0-14+deb12u1,Low,True,True,False,674,3,120,2026-08-04,2026-04-06
28,NSWG-ECO-428 Base64url 0.0.6,High,True,True,False,0,3,30,2026-05-06,2026-04-06
29,GHSA-rvg8-pwq2-xj7q Base64url 0.0.6,Medium,True,True,False,0,3,90,2026-07-05,2026-04-06
30,CVE-2024-4068 Braces 2.3.2,High,True,True,False,1050,3,30,2026-05-06,2026-04-06
31,CVE-2024-47764 Cookie 0.4.2,Low,True,True,False,74,3,120,2026-08-04,2026-04-06
32,CVE-2023-46233 Crypto-Js 3.3.0,Critical,True,True,False,328,3,7,2026-04-13,2026-04-06
33,CVE-2026-24001 Diff 4.0.2,Low,True,True,False,400,3,120,2026-08-04,2026-04-06
34,CVE-2026-27837 Dottie 2.0.6,Medium,True,True,False,1321,3,90,2026-07-05,2026-04-06
35,CVE-2022-41940 engine.io 4.1.2,Medium,True,True,False,248,3,90,2026-07-05,2026-04-06
36,CVE-2020-15084 Express-JWT 0.1.3,High,True,True,False,285,3,30,2026-05-06,2026-04-06
37,CVE-2025-64756 Glob 10.4.5,High,True,True,False,78,3,30,2026-05-06,2026-04-06
38,CVE-2022-33987 Got 8.3.2,Medium,True,True,False,0,3,90,2026-07-05,2026-04-06
39,CVE-2022-25881 HTTP-Cache-Semantics 3.8.1,High,True,True,False,1333,3,30,2026-05-06,2026-04-06
40,CVE-2024-29415 Ip 2.0.1,High,True,True,False,918,3,30,2026-05-06,2026-04-06
41,CVE-2025-64718 Js-Yaml 3.14.1,Medium,True,True,False,1321,3,90,2026-07-05,2026-04-06
42,CVE-2015-9235 Jsonwebtoken 0.1.0,Critical,True,True,False,20,3,7,2026-04-13,2026-04-06
43,CVE-2022-23539 Jsonwebtoken 0.1.0,High,True,True,False,327,3,30,2026-05-06,2026-04-06
44,NSWG-ECO-17 Jsonwebtoken 0.1.0,High,True,True,False,0,3,30,2026-05-06,2026-04-06
45,CVE-2022-23540 Jsonwebtoken 0.1.0,Medium,True,True,False,287,3,90,2026-07-05,2026-04-06
46,CVE-2022-23541 Jsonwebtoken 0.1.0,Medium,True,True,False,287,3,90,2026-07-05,2026-04-06
47,CVE-2015-9235 Jsonwebtoken 0.4.0,Critical,True,True,False,20,3,7,2026-04-13,2026-04-06
48,CVE-2022-23539 Jsonwebtoken 0.4.0,High,True,True,False,327,3,30,2026-05-06,2026-04-06
49,NSWG-ECO-17 Jsonwebtoken 0.4.0,High,True,True,False,0,3,30,2026-05-06,2026-04-06
50,CVE-2022-23540 Jsonwebtoken 0.4.0,Medium,True,True,False,287,3,90,2026-07-05,2026-04-06
51,CVE-2022-23541 Jsonwebtoken 0.4.0,Medium,True,True,False,287,3,90,2026-07-05,2026-04-06
52,CVE-2016-1000223 JWS 0.2.6,High,True,True,False,0,3,30,2026-05-06,2026-04-06
53,CVE-2025-65945 JWS 0.2.6,High,True,True,False,347,3,30,2026-05-06,2026-04-06
54,CVE-2019-10744 Lodash 2.4.2,Critical,True,True,False,1321,3,7,2026-04-13,2026-04-06
55,CVE-2018-16487 Lodash 2.4.2,High,True,True,False,400,3,30,2026-05-06,2026-04-06
56,CVE-2021-23337 Lodash 2.4.2,High,True,True,False,94,3,30,2026-05-06,2026-04-06
57,CVE-2018-3721 Lodash 2.4.2,Low,True,True,False,471,3,120,2026-08-04,2026-04-06
58,CVE-2025-13465 Lodash 4.17.21,Medium,True,True,False,1321,3,90,2026-07-05,2026-04-06
59,CVE-2020-8203 lodash.set 4.3.2,High,True,True,False,770,3,30,2026-05-06,2026-04-06
60,GHSA-5mrr-rgp6-x4gr Marsdb 0.6.11,Critical,True,True,False,0,3,7,2026-04-13,2026-04-06
61,CVE-2025-57349 Messageformat 2.3.0,Low,True,True,False,1321,3,120,2026-08-04,2026-04-06
62,CVE-2024-4067 Micromatch 3.1.10,Medium,True,True,False,1333,3,90,2026-07-05,2026-04-06
63,CVE-2026-26996 Minimatch 3.0.5,High,True,True,False,1333,3,30,2026-05-06,2026-04-06
64,CVE-2026-27903 Minimatch 3.0.5,High,True,True,False,407,3,30,2026-05-06,2026-04-06
65,CVE-2026-27904 Minimatch 3.0.5,High,True,True,False,1333,3,30,2026-05-06,2026-04-06
66,CVE-2026-26996 Minimatch 3.0.8,High,True,True,False,1333,3,30,2026-05-06,2026-04-06
67,CVE-2026-27903 Minimatch 3.0.8,High,True,True,False,407,3,30,2026-05-06,2026-04-06
68,CVE-2026-27904 Minimatch 3.0.8,High,True,True,False,1333,3,30,2026-05-06,2026-04-06
69,CVE-2026-26996 Minimatch 3.1.2,High,True,True,False,1333,3,30,2026-05-06,2026-04-06
70,CVE-2026-26996 Minimatch 3.1.2,High,True,True,False,1333,3,30,2026-05-06,2026-04-06
71,CVE-2026-26996 Minimatch 3.1.2,High,True,True,False,1333,3,30,2026-05-06,2026-04-06
72,CVE-2026-26996 Minimatch 3.1.2,High,True,True,False,1333,3,30,2026-05-06,2026-04-06
73,CVE-2026-26996 Minimatch 3.1.2,High,True,True,False,1333,3,30,2026-05-06,2026-04-06
74,CVE-2026-26996 Minimatch 3.1.2,High,True,True,False,1333,3,30,2026-05-06,2026-04-06
75,CVE-2026-26996 Minimatch 3.1.2,High,True,True,False,1333,3,30,2026-05-06,2026-04-06
76,CVE-2026-26996 Minimatch 3.1.2,High,True,True,False,1333,3,30,2026-05-06,2026-04-06
77,CVE-2026-26996 Minimatch 3.1.2,High,True,True,False,1333,3,30,2026-05-06,2026-04-06
78,CVE-2026-27903 Minimatch 3.1.2,High,True,True,False,407,3,30,2026-05-06,2026-04-06
79,CVE-2026-27903 Minimatch 3.1.2,High,True,True,False,407,3,30,2026-05-06,2026-04-06
80,CVE-2026-27903 Minimatch 3.1.2,High,True,True,False,407,3,30,2026-05-06,2026-04-06
81,CVE-2026-27903 Minimatch 3.1.2,High,True,True,False,407,3,30,2026-05-06,2026-04-06
82,CVE-2026-27903 Minimatch 3.1.2,High,True,True,False,407,3,30,2026-05-06,2026-04-06
83,CVE-2026-27903 Minimatch 3.1.2,High,True,True,False,407,3,30,2026-05-06,2026-04-06
84,CVE-2026-27903 Minimatch 3.1.2,High,True,True,False,407,3,30,2026-05-06,2026-04-06
85,CVE-2026-27903 Minimatch 3.1.2,High,True,True,False,407,3,30,2026-05-06,2026-04-06
86,CVE-2026-27903 Minimatch 3.1.2,High,True,True,False,407,3,30,2026-05-06,2026-04-06
87,CVE-2026-27904 Minimatch 3.1.2,High,True,True,False,1333,3,30,2026-05-06,2026-04-06
88,CVE-2026-27904 Minimatch 3.1.2,High,True,True,False,1333,3,30,2026-05-06,2026-04-06
89,CVE-2026-27904 Minimatch 3.1.2,High,True,True,False,1333,3,30,2026-05-06,2026-04-06
90,CVE-2026-27904 Minimatch 3.1.2,High,True,True,False,1333,3,30,2026-05-06,2026-04-06
91,CVE-2026-27904 Minimatch 3.1.2,High,True,True,False,1333,3,30,2026-05-06,2026-04-06
92,CVE-2026-27904 Minimatch 3.1.2,High,True,True,False,1333,3,30,2026-05-06,2026-04-06
93,CVE-2026-27904 Minimatch 3.1.2,High,True,True,False,1333,3,30,2026-05-06,2026-04-06
94,CVE-2026-27904 Minimatch 3.1.2,High,True,True,False,1333,3,30,2026-05-06,2026-04-06
95,CVE-2026-27904 Minimatch 3.1.2,High,True,True,False,1333,3,30,2026-05-06,2026-04-06
96,CVE-2026-26996 Minimatch 5.1.6,High,True,True,False,1333,3,30,2026-05-06,2026-04-06
97,CVE-2026-27903 Minimatch 5.1.6,High,True,True,False,407,3,30,2026-05-06,2026-04-06
98,CVE-2026-27904 Minimatch 5.1.6,High,True,True,False,1333,3,30,2026-05-06,2026-04-06
99,CVE-2026-26996 Minimatch 9.0.5,High,True,True,False,1333,3,30,2026-05-06,2026-04-06
100,CVE-2026-27903 Minimatch 9.0.5,High,True,True,False,407,3,30,2026-05-06,2026-04-06
101,CVE-2026-27904 Minimatch 9.0.5,High,True,True,False,1333,3,30,2026-05-06,2026-04-06
102,CVE-2017-18214 Moment 2.0.0,High,True,True,False,400,3,30,2026-05-06,2026-04-06
103,CVE-2022-24785 Moment 2.0.0,High,True,True,False,22,3,30,2026-05-06,2026-04-06
104,CVE-2016-4055 Moment 2.0.0,Medium,True,True,False,400,3,90,2026-07-05,2026-04-06
105,CVE-2025-47935 Multer 1.4.5-lts.2,High,True,True,False,401,3,30,2026-05-06,2026-04-06
106,CVE-2025-47944 Multer 1.4.5-lts.2,High,True,True,False,248,3,30,2026-05-06,2026-04-06
107,CVE-2025-48997 Multer 1.4.5-lts.2,High,True,True,False,248,3,30,2026-05-06,2026-04-06
108,CVE-2025-7338 Multer 1.4.5-lts.2,High,True,True,False,248,3,30,2026-05-06,2026-04-06
109,CVE-2021-23771 Notevil 1.3.3,Medium,True,True,False,1321,3,90,2026-07-05,2026-04-06
110,CVE-2025-15284 Qs 6.13.0,High,True,True,False,20,3,30,2026-05-06,2026-04-06
111,CVE-2026-2391 Qs 6.13.0,Low,True,True,False,20,3,120,2026-08-04,2026-04-06
112,CVE-2022-25887 Sanitize-HTML 1.4.2,High,True,True,False,1333,3,30,2026-05-06,2026-04-06
113,CVE-2016-1000237 Sanitize-HTML 1.4.2,Medium,True,True,False,79,3,90,2026-07-05,2026-04-06
114,CVE-2017-16016 Sanitize-HTML 1.4.2,Medium,True,True,False,79,3,90,2026-07-05,2026-04-06
115,CVE-2019-25225 Sanitize-HTML 1.4.2,Medium,True,True,False,79,3,90,2026-07-05,2026-04-06
116,CVE-2021-26539 Sanitize-HTML 1.4.2,Medium,True,True,False,0,3,90,2026-07-05,2026-04-06
117,CVE-2021-26540 Sanitize-HTML 1.4.2,Medium,True,True,False,0,3,90,2026-07-05,2026-04-06
118,CVE-2024-21501 Sanitize-HTML 1.4.2,Medium,True,True,False,200,3,90,2026-07-05,2026-04-06
119,NSWG-ECO-154 Sanitize-HTML 1.4.2,Medium,True,True,False,0,3,90,2026-07-05,2026-04-06
120,CVE-2024-38355 socket.io 3.1.2,Medium,True,True,False,20,3,90,2026-07-05,2026-04-06
121,CVE-2023-32695 socket.io-parser 4.0.5,Medium,True,True,False,20,3,90,2026-07-05,2026-04-06
122,CVE-2026-23745 Tar 4.4.19,High,True,True,False,22,3,30,2026-05-06,2026-04-06
123,CVE-2026-23950 Tar 4.4.19,High,True,True,False,176,3,30,2026-05-06,2026-04-06
124,CVE-2026-24842 Tar 4.4.19,High,True,True,False,22,3,30,2026-05-06,2026-04-06
125,CVE-2026-26960 Tar 4.4.19,High,True,True,False,22,3,30,2026-05-06,2026-04-06
126,CVE-2024-28863 Tar 4.4.19,Medium,True,True,False,400,3,90,2026-07-05,2026-04-06
127,CVE-2026-23745 Tar 6.2.1,High,True,True,False,22,3,30,2026-05-06,2026-04-06
128,CVE-2026-23950 Tar 6.2.1,High,True,True,False,176,3,30,2026-05-06,2026-04-06
129,CVE-2026-24842 Tar 6.2.1,High,True,True,False,22,3,30,2026-05-06,2026-04-06
130,CVE-2026-26960 Tar 6.2.1,High,True,True,False,22,3,30,2026-05-06,2026-04-06
131,CVE-2026-23745 Tar 7.4.3,High,True,True,False,22,3,30,2026-05-06,2026-04-06
132,CVE-2026-23950 Tar 7.4.3,High,True,True,False,176,3,30,2026-05-06,2026-04-06
133,CVE-2026-24842 Tar 7.4.3,High,True,True,False,22,3,30,2026-05-06,2026-04-06
134,CVE-2026-26960 Tar 7.4.3,High,True,True,False,22,3,30,2026-05-06,2026-04-06
135,CVE-2025-59343 Tar-Fs 2.1.3,High,True,True,False,22,3,30,2026-05-06,2026-04-06
136,CVE-2025-12758 Validator 13.15.15,High,True,True,False,792,3,30,2026-05-06,2026-04-06
137,CVE-2025-56200 Validator 13.15.15,Medium,True,True,False,79,3,90,2026-07-05,2026-04-06
138,CVE-2023-32314 Vm2 3.9.17,Critical,True,True,False,74,3,7,2026-04-13,2026-04-06
139,CVE-2023-37466 Vm2 3.9.17,Critical,True,True,False,94,3,7,2026-04-13,2026-04-06
140,CVE-2023-37903 Vm2 3.9.17,Critical,True,True,False,78,3,7,2026-04-13,2026-04-06
141,CVE-2026-22709 Vm2 3.9.17,Critical,True,True,False,94,3,7,2026-04-13,2026-04-06
142,CVE-2023-32313 Vm2 3.9.17,Medium,True,True,False,74,3,90,2026-07-05,2026-04-06
143,CVE-2024-37890 Ws 7.4.6,High,True,True,False,476,3,30,2026-05-06,2026-04-06
144,Secret Detected in /juice-shop/build/lib/insecurity.js - Asymmetric Private Key,High,True,False,False,0,3,30,2026-05-06,2026-04-06
145,Secret Detected in /juice-shop/frontend/src/app/app.guard.spec.ts - JWT Token,Medium,True,False,False,0,3,90,2026-07-05,2026-04-06
146,Secret Detected in /juice-shop/frontend/src/app/last-login-ip/last-login-ip.component.spec.ts - JWT Token,Medium,True,False,False,0,3,90,2026-07-05,2026-04-06
147,Secret Detected in /juice-shop/lib/insecurity.ts - Asymmetric Private Key,High,True,False,False,0,3,30,2026-05-06,2026-04-06
148,GHSA-2p57-rm9w-gvfp in ip:2.0.1,High,True,False,False,0,4,30,2026-05-06,2026-04-06
149,GHSA-whpj-8f3w-67p5 in vm2:3.9.17,Critical,True,False,False,0,4,7,2026-04-13,2026-04-06
150,GHSA-g644-9gfx-q4q4 in vm2:3.9.17,Critical,True,False,False,0,4,7,2026-04-13,2026-04-06
151,GHSA-c7hr-j4mj-j2w6 in jsonwebtoken:0.1.0,Critical,True,False,False,0,4,7,2026-04-13,2026-04-06
152,GHSA-c7hr-j4mj-j2w6 in jsonwebtoken:0.4.0,Critical,True,False,False,0,4,7,2026-04-13,2026-04-06
153,GHSA-cchq-frgv-rjh5 in vm2:3.9.17,Critical,True,False,False,0,4,7,2026-04-13,2026-04-06
154,GHSA-8hfj-j24r-96c4 in moment:2.0.0,High,True,False,False,0,4,30,2026-05-06,2026-04-06
155,GHSA-p6mc-m468-83gw in lodash.set:4.3.2,High,True,False,False,0,4,30,2026-05-06,2026-04-06
156,GHSA-r7qp-cfhv-p84w in engine.io:4.1.2,Medium,True,False,False,0,4,90,2026-07-05,2026-04-06
157,GHSA-jf85-cpcp-j695 in lodash:2.4.2,Critical,True,False,False,0,4,7,2026-04-13,2026-04-06
158,GHSA-87vv-r9j6-g5qv in moment:2.0.0,Medium,True,False,False,0,4,90,2026-07-05,2026-04-06
159,GHSA-xwcq-pm8m-c4vf in crypto-js:3.3.0,Critical,True,False,False,0,4,7,2026-04-13,2026-04-06
160,CVE-2025-15467 in libssl3:3.0.17-1~deb12u2,Critical,True,False,False,0,4,7,2026-04-13,2026-04-06
161,GHSA-rm97-x556-q36h in sanitize-html:1.4.2,Medium,True,False,False,0,4,90,2026-07-05,2026-04-06
162,GHSA-3h5v-q93c-6h6q in ws:7.4.6,High,True,False,False,0,4,30,2026-05-06,2026-04-06
163,GHSA-pfrx-2q88-qq97 in got:8.3.2,Medium,True,False,False,0,4,90,2026-07-05,2026-04-06
164,GHSA-cgfm-xwp7-2cvr in sanitize-html:1.4.2,High,True,False,False,0,4,30,2026-05-06,2026-04-06
165,GHSA-p5gc-c584-jj6v in vm2:3.9.17,Medium,True,False,False,0,4,90,2026-07-05,2026-04-06
166,GHSA-f5x3-32g6-xq36 in tar:4.4.19,Medium,True,False,False,0,4,90,2026-07-05,2026-04-06
167,GHSA-35jh-r3h4-6jhm in lodash:2.4.2,High,True,False,False,0,4,30,2026-05-06,2026-04-06
168,GHSA-3j7m-hmh3-9jmp in sanitize-html:1.4.2,Medium,True,False,False,0,4,90,2026-07-05,2026-04-06
169,GHSA-446m-mv8f-q348 in moment:2.0.0,High,True,False,False,0,4,30,2026-05-06,2026-04-06
170,GHSA-8g4m-cjm2-96wq in notevil:1.3.3,Medium,True,False,False,0,4,90,2026-07-05,2026-04-06
171,GHSA-6rw7-vpxm-498p in qs:6.13.0,High,True,False,False,0,4,30,2026-05-06,2026-04-06
172,GHSA-6g6m-m6h5-w9gf in express-jwt:0.1.3,High,True,False,False,0,4,30,2026-05-06,2026-04-06
173,GHSA-4xc9-xhrj-v574 in lodash:2.4.2,High,True,False,False,0,4,30,2026-05-06,2026-04-06
174,GHSA-mjxr-4v3x-q3m4 in sanitize-html:1.4.2,Medium,True,False,False,0,4,90,2026-07-05,2026-04-06
175,GHSA-rjqq-98f6-6j3r in sanitize-html:1.4.2,Medium,True,False,False,0,4,90,2026-07-05,2026-04-06
176,GHSA-rc47-6667-2j5j in http-cache-semantics:3.8.1,High,True,False,False,0,4,30,2026-05-06,2026-04-06
177,GHSA-xc6g-ggrc-qq4r in sanitize-html:1.4.2,Medium,True,False,False,0,4,90,2026-07-05,2026-04-06
178,GHSA-cqmj-92xf-r6r9 in socket.io-parser:4.0.5,Medium,True,False,False,0,4,90,2026-07-05,2026-04-06
179,GHSA-grv7-fg5c-xmjg in braces:2.3.2,High,True,False,False,0,4,30,2026-05-06,2026-04-06
180,GHSA-fvqr-27wr-82fm in lodash:2.4.2,Medium,True,False,False,0,4,90,2026-07-05,2026-04-06
181,GHSA-25hc-qcg6-38wj in socket.io:3.1.2,Medium,True,False,False,0,4,90,2026-07-05,2026-04-06
182,CVE-2018-20796 in libc6:2.36-9+deb12u10,Info,True,False,False,0,4,,,2026-04-06
183,GHSA-pxg6-pf52-xh8x in cookie:0.4.2,Low,True,False,False,0,4,120,2026-08-04,2026-04-06
184,CVE-2025-69420 in libssl3:3.0.17-1~deb12u2,High,True,False,False,0,4,30,2026-05-06,2026-04-06
185,GHSA-8cf7-32gw-wr33 in jsonwebtoken:0.1.0,High,True,False,False,0,4,30,2026-05-06,2026-04-06
186,GHSA-8cf7-32gw-wr33 in jsonwebtoken:0.4.0,High,True,False,False,0,4,30,2026-05-06,2026-04-06
187,GHSA-vghf-hv5q-vc2g in validator:13.15.15,High,True,False,False,0,4,30,2026-05-06,2026-04-06
188,GHSA-g5hg-p3ph-g8qg in multer:1.4.5-lts.2,High,True,False,False,0,4,30,2026-05-06,2026-04-06
189,GHSA-952p-6rrq-rcjv in micromatch:3.1.10,Medium,True,False,False,0,4,90,2026-07-05,2026-04-06
190,CVE-2025-59465 in node:22.18.0,High,True,False,False,0,4,30,2026-05-06,2026-04-06
191,CVE-2025-69421 in libssl3:3.0.17-1~deb12u2,High,True,False,False,0,4,30,2026-05-06,2026-04-06
192,CVE-2025-69419 in libssl3:3.0.17-1~deb12u2,High,True,False,False,0,4,30,2026-05-06,2026-04-06
193,CVE-2019-9192 in libc6:2.36-9+deb12u10,Info,True,False,False,0,4,,,2026-04-06
194,CVE-2019-1010025 in libc6:2.36-9+deb12u10,Info,True,False,False,0,4,,,2026-04-06
195,GHSA-3ppc-4f35-3m26 in minimatch:3.0.5,High,True,False,False,0,4,30,2026-05-06,2026-04-06
196,GHSA-3ppc-4f35-3m26 in minimatch:3.0.8,High,True,False,False,0,4,30,2026-05-06,2026-04-06
197,GHSA-3ppc-4f35-3m26 in minimatch:3.1.2,High,True,False,False,0,4,30,2026-05-06,2026-04-06
198,GHSA-3ppc-4f35-3m26 in minimatch:5.1.6,High,True,False,False,0,4,30,2026-05-06,2026-04-06
199,GHSA-3ppc-4f35-3m26 in minimatch:9.0.5,High,True,False,False,0,4,30,2026-05-06,2026-04-06
200,CVE-2025-15281 in libc6:2.36-9+deb12u10,High,True,False,False,0,4,30,2026-05-06,2026-04-06
201,CVE-2026-22796 in libssl3:3.0.17-1~deb12u2,Medium,True,False,False,0,4,90,2026-07-05,2026-04-06
202,GHSA-r5mx-6wc6-7h9w in dottie:2.0.6,Medium,True,False,False,0,4,90,2026-07-05,2026-04-06
203,GHSA-44fp-w29j-9vj5 in multer:1.4.5-lts.2,High,True,False,False,0,4,30,2026-05-06,2026-04-06
204,GHSA-v52c-386h-88mc in multer:1.4.5-lts.2,High,True,False,False,0,4,30,2026-05-06,2026-04-06
205,GHSA-xf7r-hgr6-v32p in multer:1.4.5-lts.2,High,True,False,False,0,4,30,2026-05-06,2026-04-06
206,GHSA-7r86-cg39-jmmj in minimatch:3.0.5,High,True,False,False,0,4,30,2026-05-06,2026-04-06
207,GHSA-7r86-cg39-jmmj in minimatch:3.0.8,High,True,False,False,0,4,30,2026-05-06,2026-04-06
208,GHSA-7r86-cg39-jmmj in minimatch:3.1.2,High,True,False,False,0,4,30,2026-05-06,2026-04-06
209,GHSA-7r86-cg39-jmmj in minimatch:5.1.6,High,True,False,False,0,4,30,2026-05-06,2026-04-06
210,GHSA-7r86-cg39-jmmj in minimatch:9.0.5,High,True,False,False,0,4,30,2026-05-06,2026-04-06
211,CVE-2019-1010024 in libc6:2.36-9+deb12u10,Info,True,False,False,0,4,,,2026-04-06
212,GHSA-99p7-6v5w-7xg8 in vm2:3.9.17,Critical,True,False,False,0,4,7,2026-04-13,2026-04-06
213,GHSA-23c5-xmqv-rm74 in minimatch:3.0.5,High,True,False,False,0,4,30,2026-05-06,2026-04-06
214,GHSA-23c5-xmqv-rm74 in minimatch:3.0.8,High,True,False,False,0,4,30,2026-05-06,2026-04-06
215,GHSA-23c5-xmqv-rm74 in minimatch:3.1.2,High,True,False,False,0,4,30,2026-05-06,2026-04-06
216,GHSA-23c5-xmqv-rm74 in minimatch:5.1.6,High,True,False,False,0,4,30,2026-05-06,2026-04-06
217,GHSA-23c5-xmqv-rm74 in minimatch:9.0.5,High,True,False,False,0,4,30,2026-05-06,2026-04-06
218,GHSA-hjrf-2m68-5959 in jsonwebtoken:0.1.0,Medium,True,False,False,0,4,90,2026-07-05,2026-04-06
219,GHSA-hjrf-2m68-5959 in jsonwebtoken:0.4.0,Medium,True,False,False,0,4,90,2026-07-05,2026-04-06
220,GHSA-5j98-mcp5-4vw2 in glob:10.4.5,High,True,False,False,0,4,30,2026-05-06,2026-04-06
221,CVE-2026-21637 in node:22.18.0,High,True,False,False,0,4,30,2026-05-06,2026-04-06
222,CVE-2025-55131 in node:22.18.0,High,True,False,False,0,4,30,2026-05-06,2026-04-06
223,GHSA-qhxp-v273-g94h in sanitize-html:1.4.2,Medium,True,False,False,0,4,90,2026-07-05,2026-04-06
224,GHSA-vj76-c3g6-qr5v in tar-fs:2.1.3,High,True,False,False,0,4,30,2026-05-06,2026-04-06
225,CVE-2010-4756 in libc6:2.36-9+deb12u10,Info,True,False,False,0,4,,,2026-04-06
226,GHSA-9965-vmph-33xx in validator:13.15.15,Medium,True,False,False,0,4,90,2026-07-05,2026-04-06
227,CVE-2025-9230 in libssl3:3.0.17-1~deb12u2,High,True,False,False,0,4,30,2026-05-06,2026-04-06
228,CVE-2019-1010023 in libc6:2.36-9+deb12u10,Info,True,False,False,0,4,,,2026-04-06
229,CVE-2025-59466 in node:22.18.0,High,True,False,False,0,4,30,2026-05-06,2026-04-06
230,GHSA-xxjr-mmjv-4gpg in lodash:4.17.21,Medium,True,False,False,0,4,90,2026-07-05,2026-04-06
231,CVE-2026-0915 in libc6:2.36-9+deb12u10,High,True,False,False,0,4,30,2026-05-06,2026-04-06
232,GHSA-w7fw-mjwx-w883 in qs:6.13.0,Low,True,False,False,0,4,120,2026-08-04,2026-04-06
233,CVE-2025-9232 in libssl3:3.0.17-1~deb12u2,Medium,True,False,False,0,4,90,2026-07-05,2026-04-06
234,CVE-2025-4802 in libc6:2.36-9+deb12u10,High,True,False,False,0,4,30,2026-05-06,2026-04-06
235,GHSA-34x7-hfp2-rc4v in tar:4.4.19,High,True,False,False,0,4,30,2026-05-06,2026-04-06
236,GHSA-34x7-hfp2-rc4v in tar:6.2.1,High,True,False,False,0,4,30,2026-05-06,2026-04-06
237,GHSA-34x7-hfp2-rc4v in tar:7.4.3,High,True,False,False,0,4,30,2026-05-06,2026-04-06
238,GHSA-mh29-5h37-fv8m in js-yaml:3.14.1,Medium,True,False,False,0,4,90,2026-07-05,2026-04-06
239,CVE-2025-55130 in node:22.18.0,Critical,True,False,False,0,4,7,2026-04-13,2026-04-06
240,GHSA-qwph-4952-7xr6 in jsonwebtoken:0.1.0,Medium,True,False,False,0,4,90,2026-07-05,2026-04-06
241,GHSA-qwph-4952-7xr6 in jsonwebtoken:0.4.0,Medium,True,False,False,0,4,90,2026-07-05,2026-04-06
242,GHSA-fjgf-rc76-4x9p in multer:1.4.5-lts.2,High,True,False,False,0,4,30,2026-05-06,2026-04-06
243,CVE-2026-22795 in libssl3:3.0.17-1~deb12u2,Medium,True,False,False,0,4,90,2026-07-05,2026-04-06
244,GHSA-83g3-92jg-28cx in tar:4.4.19,High,True,False,False,0,4,30,2026-05-06,2026-04-06
245,GHSA-83g3-92jg-28cx in tar:6.2.1,High,True,False,False,0,4,30,2026-05-06,2026-04-06
246,GHSA-83g3-92jg-28cx in tar:7.4.3,High,True,False,False,0,4,30,2026-05-06,2026-04-06
247,GHSA-4pg4-qvpc-4q3h in multer:1.4.5-lts.2,High,True,False,False,0,4,30,2026-05-06,2026-04-06
248,CVE-2025-68160 in libssl3:3.0.17-1~deb12u2,Medium,True,False,False,0,4,90,2026-07-05,2026-04-06
249,GHSA-869p-cjfg-cm3x in jws:0.2.6,High,True,False,False,0,4,30,2026-05-06,2026-04-06
250,CVE-2019-1010022 in libc6:2.36-9+deb12u10,Info,True,False,False,0,4,,,2026-04-06
251,CVE-2026-0861 in libc6:2.36-9+deb12u10,High,True,False,False,0,4,30,2026-05-06,2026-04-06
252,GHSA-73rr-hh4g-fpgx in diff:4.0.2,Low,True,False,False,0,4,120,2026-08-04,2026-04-06
253,GHSA-8qq5-rm4j-mr97 in tar:4.4.19,High,True,False,False,0,4,30,2026-05-06,2026-04-06
254,GHSA-8qq5-rm4j-mr97 in tar:6.2.1,High,True,False,False,0,4,30,2026-05-06,2026-04-06
255,GHSA-8qq5-rm4j-mr97 in tar:7.4.3,High,True,False,False,0,4,30,2026-05-06,2026-04-06
256,GHSA-r6q2-hw4h-h46w in tar:4.4.19,High,True,False,False,0,4,30,2026-05-06,2026-04-06
257,GHSA-r6q2-hw4h-h46w in tar:6.2.1,High,True,False,False,0,4,30,2026-05-06,2026-04-06
258,GHSA-r6q2-hw4h-h46w in tar:7.4.3,High,True,False,False,0,4,30,2026-05-06,2026-04-06
259,CVE-2025-55132 in node:22.18.0,Medium,True,False,False,0,4,90,2026-07-05,2026-04-06
260,CVE-2025-8058 in libc6:2.36-9+deb12u10,Medium,True,False,False,0,4,90,2026-07-05,2026-04-06
261,CVE-2025-27587 in libssl3:3.0.17-1~deb12u2,Info,True,False,False,0,4,,,2026-04-06
262,CVE-2022-27943 in gcc-12-base:12.2.0-14+deb12u1,Info,True,False,False,0,4,,,2026-04-06
263,CVE-2022-27943 in libgcc-s1:12.2.0-14+deb12u1,Info,True,False,False,0,4,,,2026-04-06
264,CVE-2022-27943 in libgomp1:12.2.0-14+deb12u1,Info,True,False,False,0,4,,,2026-04-06
265,CVE-2022-27943 in libstdc++6:12.2.0-14+deb12u1,Info,True,False,False,0,4,,,2026-04-06
266,CVE-2025-69418 in libssl3:3.0.17-1~deb12u2,Medium,True,False,False,0,4,90,2026-07-05,2026-04-06
267,GHSA-5mrr-rgp6-x4gr in marsdb:0.6.11,Critical,True,False,False,0,4,7,2026-04-13,2026-04-06
268,GHSA-gjcw-v447-2w7q in jws:0.2.6,High,True,False,False,0,4,30,2026-05-06,2026-04-06
269,GHSA-rvg8-pwq2-xj7q in base64url:0.0.6,Medium,True,False,False,0,4,90,2026-07-05,2026-04-06
